<aetgt:getResponse xmlns:aetgt="http://schemas.active-endpoints.com/appmodules/repository/2010/10/avrepository.xsd"
                   xmlns:types1="http://schemas.active-endpoints.com/appmodules/repository/2010/10/avrepository.xsd">
   <types1:Item>
      <types1:EntryId>7muOSSHCwkNmumf-gt-59418129-2026-02-07T04:51:05.944Z::tf.xml</types1:EntryId>
      <types1:Name>TF_DIM_FACT</types1:Name>
      <types1:MimeType>application/xml+taskflow</types1:MimeType>
      <types1:Description/>
      <types1:AppliesTo/>
      <types1:Tags/>
      <types1:VersionLabel>1.0</types1:VersionLabel>
      <types1:State>CURRENT</types1:State>
      <types1:ProcessGroup/>
      <types1:CreatedBy>Ankit.Sarkar@ltimindtree.com</types1:CreatedBy>
      <types1:CreationDate>2026-02-07T04:51:06Z</types1:CreationDate>
      <types1:ModifiedBy>Ankit.Sarkar@ltimindtree.com</types1:ModifiedBy>
      <types1:ModificationDate>2026-02-07T05:00:38Z</types1:ModificationDate>
      <types1:PublicationStatus>published</types1:PublicationStatus>
      <types1:PublishedBy>Ankit.Sarkar@ltimindtree.com</types1:PublishedBy>
      <types1:PublicationDate>2026-02-07T05:13:42Z</types1:PublicationDate>
      <types1:PublishedContributionId>project:/tf.TF_DIM_FACT/TF_DIM_FACT.tf.xml</types1:PublishedContributionId>
      <types1:Entry>
         <taskflow xmlns="http://schemas.active-endpoints.com/appmodules/screenflow/2010/10/avosScreenflow.xsd"
                   xmlns:tfm="http://schemas.active-endpoints.com/appmodules/screenflow/2021/04/taskflowModel.xsd"
                   xmlns:list="urn:activevos:spi:list:functions"
                   displayName="TF_DIM_FACT"
                   name="TF_DIM_FACT"
                   overrideAPIName="false">
            <parameterSet xmlns="http://schemas.active-endpoints.com/appmodules/screenflow/2021/04/taskflowModel.xsd"/>
            <appliesTo/>
            <description/>
            <tags/>
            <generator>Informatica Process Designer 11</generator>
            <tempFields>
               <field description="" name="DT_DIM_MENU_ITEM_SCD2" type="reference">
                  <options>
                     <option name="failOnNotRun">false</option>
                     <option name="failOnFault">false</option>
                     <option name="referenceTo">$po:MT-DIM-MENU-ITEM-SCD2-4R8vmsCbxQWcO0ukjKaYSi</option>
                  </options>
               </field>
               <field description="" name="DT_DIM_RESTAURANT_SCD1" type="reference">
                  <options>
                     <option name="referenceTo">$po:MT-DIM-RESTAURANT-SCD1-aWreBMzfi3ahslIDOtiVme</option>
                  </options>
               </field>
               <field description="" name="DT_DIM_CUSTOMERS_SCD2" type="reference">
                  <options>
                     <option name="referenceTo">$po:MT-DIM-CUSTOMERS-SCD2-hll35URUdyXgkLi0lZ7no7</option>
                  </options>
               </field>
               <field description="" name="DT_FACT_ORDERS_LOAD" type="reference">
                  <options>
                     <option name="failOnNotRun">false</option>
                     <option name="failOnFault">false</option>
                     <option name="referenceTo">$po:MT-FACT-ORDERS-LOAD-0TAm6PArUg7jcbVRJVt2ml</option>
                  </options>
               </field>
            </tempFields>
            <notes/>
            <deployment skipIfRunning="false" suspendOnFault="false" tracingLevel="verbose">
               <rest>
                  <allowedUsers>
                     <user>Ankit.Sarkar@ltimindtree.com</user>
                  </allowedUsers>
               </rest>
            </deployment>
            <extData>
               <nvpair name="treatEmptyStringAsNotNull">false</nvpair>
               <nvpair name="treatEmptyObjectListAsArray">false</nvpair>
            </extData>
            <flow id="a">
               <start id="b">
                  <link id="j3wg4fhg" targetId="j3wg4fhf"/>
               </start>
               <container id="j3wg4fhf" type="parallel">
                  <title>Parallel Paths 1</title>
                  <flow id="j3wg4fhj">
                     <eventContainer id="mlbt7ah4">
                        <service id="j3wg4fhu">
                           <title>DT_DIM_RESTAURANT_SCD1</title>
                           <serviceName>ICSExecuteDataTask</serviceName>
                           <serviceGUID/>
                           <serviceInput>
                              <parameter name="Wait for Task to Complete" source="constant" updatable="true">true</parameter>
                              <parameter name="Max Wait" source="constant" updatable="true">604800</parameter>
                              <parameter name="Task Name" source="constant" updatable="true">MT_DIM_RESTAURANT_SCD1</parameter>
                              <parameter name="GUID" source="constant" updatable="true">aWreBMzfi3ahslIDOtiVme</parameter>
                              <parameter name="Task Type" source="constant" updatable="true">MCT</parameter>
                              <parameter name="Has Inout Parameters" source="constant" updatable="true">false</parameter>
                              <parameter name="taskField" source="nested">
                                 <operation source="field" to="MT-DIM-RESTAURANT-SCD1-aWreBMzfi3ahslIDOtiVme">temp.DT_DIM_RESTAURANT_SCD1</operation>
                              </parameter>
                           </serviceInput>
                           <serviceOutput>
                              <operation source="field" to="temp.DT_DIM_RESTAURANT_SCD1/output/Object_Name">Object Name</operation>
                              <operation source="field" to="temp.DT_DIM_RESTAURANT_SCD1/output/Run_Id">Run Id</operation>
                              <operation source="field" to="temp.DT_DIM_RESTAURANT_SCD1/output/Log_Id">Log Id</operation>
                              <operation source="field" to="temp.DT_DIM_RESTAURANT_SCD1/output/Task_Id">Task Id</operation>
                              <operation source="field" to="temp.DT_DIM_RESTAURANT_SCD1/output/Task_Status">Task Status</operation>
                              <operation source="field"
                                         to="temp.DT_DIM_RESTAURANT_SCD1/output/Success_Source_Rows">Success Source Rows</operation>
                              <operation source="field"
                                         to="temp.DT_DIM_RESTAURANT_SCD1/output/Failed_Source_Rows">Failed Source Rows</operation>
                              <operation source="field"
                                         to="temp.DT_DIM_RESTAURANT_SCD1/output/Success_Target_Rows">Success Target Rows</operation>
                              <operation source="field"
                                         to="temp.DT_DIM_RESTAURANT_SCD1/output/Failed_Target_Rows">Failed Target Rows</operation>
                              <operation source="field" to="temp.DT_DIM_RESTAURANT_SCD1/output/Start_Time">Start Time</operation>
                              <operation source="field" to="temp.DT_DIM_RESTAURANT_SCD1/output/End_Time">End Time</operation>
                              <operation source="field" to="temp.DT_DIM_RESTAURANT_SCD1/output/Error_Message">Error Message</operation>
                              <operation source="field" to="temp.DT_DIM_RESTAURANT_SCD1/output/TotalTransErrors">Total Transformation Errors</operation>
                              <operation source="field" to="temp.DT_DIM_RESTAURANT_SCD1/output/FirstErrorCode">First Error Code</operation>
                           </serviceOutput>
                        </service>
                        <events>
                           <catch faultField="temp.DT_DIM_RESTAURANT_SCD1/fault"
                                  id="mlbt7ah2"
                                  interrupting="true"
                                  name="error">
                              <suspend/>
                           </catch>
                           <catch faultField="temp.DT_DIM_RESTAURANT_SCD1/fault"
                                  id="mlbt7ah3"
                                  interrupting="true"
                                  name="warning"/>
                        </events>
                     </eventContainer>
                     <link id="j3wg4fhk" targetId="j3wg4fhf" type="containerLink"/>
                  </flow>
                  <flow id="j3wg4fhm">
                     <eventContainer id="mlbt7al2">
                        <service id="j3wg4fi4">
                           <title>DT_DIM_CUSTOMERS_SCD2</title>
                           <serviceName>ICSExecuteDataTask</serviceName>
                           <serviceGUID/>
                           <serviceInput>
                              <parameter name="Wait for Task to Complete" source="constant" updatable="true">true</parameter>
                              <parameter name="Max Wait" source="constant" updatable="true">604800</parameter>
                              <parameter name="Task Name" source="constant" updatable="true">MT_DIM_CUSTOMERS_SCD2</parameter>
                              <parameter name="GUID" source="constant" updatable="true">hll35URUdyXgkLi0lZ7no7</parameter>
                              <parameter name="Task Type" source="constant" updatable="true">MCT</parameter>
                              <parameter name="Has Inout Parameters" source="constant" updatable="true">false</parameter>
                              <parameter name="taskField" source="nested">
                                 <operation source="field" to="MT-DIM-CUSTOMERS-SCD2-hll35URUdyXgkLi0lZ7no7">temp.DT_DIM_CUSTOMERS_SCD2</operation>
                              </parameter>
                           </serviceInput>
                           <serviceOutput>
                              <operation source="field" to="temp.DT_DIM_CUSTOMERS_SCD2/output/Object_Name">Object Name</operation>
                              <operation source="field" to="temp.DT_DIM_CUSTOMERS_SCD2/output/Run_Id">Run Id</operation>
                              <operation source="field" to="temp.DT_DIM_CUSTOMERS_SCD2/output/Log_Id">Log Id</operation>
                              <operation source="field" to="temp.DT_DIM_CUSTOMERS_SCD2/output/Task_Id">Task Id</operation>
                              <operation source="field" to="temp.DT_DIM_CUSTOMERS_SCD2/output/Task_Status">Task Status</operation>
                              <operation source="field"
                                         to="temp.DT_DIM_CUSTOMERS_SCD2/output/Success_Source_Rows">Success Source Rows</operation>
                              <operation source="field"
                                         to="temp.DT_DIM_CUSTOMERS_SCD2/output/Failed_Source_Rows">Failed Source Rows</operation>
                              <operation source="field"
                                         to="temp.DT_DIM_CUSTOMERS_SCD2/output/Success_Target_Rows">Success Target Rows</operation>
                              <operation source="field"
                                         to="temp.DT_DIM_CUSTOMERS_SCD2/output/Failed_Target_Rows">Failed Target Rows</operation>
                              <operation source="field" to="temp.DT_DIM_CUSTOMERS_SCD2/output/Start_Time">Start Time</operation>
                              <operation source="field" to="temp.DT_DIM_CUSTOMERS_SCD2/output/End_Time">End Time</operation>
                              <operation source="field" to="temp.DT_DIM_CUSTOMERS_SCD2/output/Error_Message">Error Message</operation>
                              <operation source="field" to="temp.DT_DIM_CUSTOMERS_SCD2/output/TotalTransErrors">Total Transformation Errors</operation>
                              <operation source="field" to="temp.DT_DIM_CUSTOMERS_SCD2/output/FirstErrorCode">First Error Code</operation>
                           </serviceOutput>
                        </service>
                        <events>
                           <catch faultField="temp.DT_DIM_CUSTOMERS_SCD2/fault"
                                  id="mlbt7al0"
                                  interrupting="true"
                                  name="error">
                              <suspend/>
                           </catch>
                           <catch faultField="temp.DT_DIM_CUSTOMERS_SCD2/fault"
                                  id="mlbt7al1"
                                  interrupting="true"
                                  name="warning"/>
                        </events>
                     </eventContainer>
                     <link id="j3wg4fhn" targetId="j3wg4fhf" type="containerLink"/>
                  </flow>
                  <flow id="mlbt7ag8">
                     <eventContainer id="mlbt7aib">
                        <service id="mlbt7agf">
                           <title>DT_DIM_MENU_ITEM_SCD2</title>
                           <serviceName>ICSExecuteDataTask</serviceName>
                           <serviceGUID/>
                           <serviceInput>
                              <parameter name="Wait for Task to Complete" source="constant" updatable="true">true</parameter>
                              <parameter name="Max Wait" source="constant" updatable="true">604800</parameter>
                              <parameter name="Task Name" source="constant" updatable="true">MT_DIM_MENU_ITEM_SCD2</parameter>
                              <parameter name="GUID" source="constant" updatable="true">4R8vmsCbxQWcO0ukjKaYSi</parameter>
                              <parameter name="Task Type" source="constant" updatable="true">MCT</parameter>
                              <parameter name="Has Inout Parameters" source="constant" updatable="true">false</parameter>
                              <parameter name="taskField" source="nested">
                                 <operation source="field" to="MT-DIM-MENU-ITEM-SCD2-4R8vmsCbxQWcO0ukjKaYSi">temp.DT_DIM_MENU_ITEM_SCD2</operation>
                              </parameter>
                           </serviceInput>
                           <serviceOutput>
                              <operation source="field" to="temp.DT_DIM_MENU_ITEM_SCD2/output/Object_Name">Object Name</operation>
                              <operation source="field" to="temp.DT_DIM_MENU_ITEM_SCD2/output/Run_Id">Run Id</operation>
                              <operation source="field" to="temp.DT_DIM_MENU_ITEM_SCD2/output/Log_Id">Log Id</operation>
                              <operation source="field" to="temp.DT_DIM_MENU_ITEM_SCD2/output/Task_Id">Task Id</operation>
                              <operation source="field" to="temp.DT_DIM_MENU_ITEM_SCD2/output/Task_Status">Task Status</operation>
                              <operation source="field"
                                         to="temp.DT_DIM_MENU_ITEM_SCD2/output/Success_Source_Rows">Success Source Rows</operation>
                              <operation source="field"
                                         to="temp.DT_DIM_MENU_ITEM_SCD2/output/Failed_Source_Rows">Failed Source Rows</operation>
                              <operation source="field"
                                         to="temp.DT_DIM_MENU_ITEM_SCD2/output/Success_Target_Rows">Success Target Rows</operation>
                              <operation source="field"
                                         to="temp.DT_DIM_MENU_ITEM_SCD2/output/Failed_Target_Rows">Failed Target Rows</operation>
                              <operation source="field" to="temp.DT_DIM_MENU_ITEM_SCD2/output/Start_Time">Start Time</operation>
                              <operation source="field" to="temp.DT_DIM_MENU_ITEM_SCD2/output/End_Time">End Time</operation>
                              <operation source="field" to="temp.DT_DIM_MENU_ITEM_SCD2/output/Error_Message">Error Message</operation>
                              <operation source="field" to="temp.DT_DIM_MENU_ITEM_SCD2/output/TotalTransErrors">Total Transformation Errors</operation>
                              <operation source="field" to="temp.DT_DIM_MENU_ITEM_SCD2/output/FirstErrorCode">First Error Code</operation>
                           </serviceOutput>
                        </service>
                        <events>
                           <catch faultField="temp.DT_DIM_MENU_ITEM_SCD2/fault"
                                  id="mlbt7ai9"
                                  interrupting="true"
                                  name="error">
                              <suspend/>
                           </catch>
                           <catch faultField="temp.DT_DIM_MENU_ITEM_SCD2/fault"
                                  id="mlbt7aia"
                                  interrupting="true"
                                  name="warning"/>
                        </events>
                     </eventContainer>
                     <link id="mlbt7ag9" targetId="j3wg4fhf" type="containerLink"/>
                  </flow>
                  <link id="j3wg4fhi" targetId="j3wg4fhj" type="containerLink"/>
                  <link id="j3wg4fhl" targetId="j3wg4fhm" type="containerLink"/>
                  <link id="mlbt7ag7" targetId="mlbt7ag8" type="containerLink"/>
                  <link id="mlbt7asg" targetId="mlbt7asf"/>
               </container>
               <container id="mlbt7asf" type="exclusive">
                  <title>DECIDE_SUCCESS_FAILURE</title>
                  <flow id="mlbt7asj">
                     <eventContainer id="mlbt7b05">
                        <service id="mlbt7asy">
                           <title>SUCCESS_NOTIFICATION</title>
                           <serviceName>emailNotificationService</serviceName>
                           <serviceGUID/>
                           <serviceInput>
                              <parameter name="Email To" source="constant">ankitsarkarofficial@gmail.com</parameter>
                              <parameter name="Email Cc" source="constant"/>
                              <parameter name="Email Bcc" source="constant"/>
                              <parameter name="Email Subject" source="constant">Dimensions Successfully Executed</parameter>
                              <parameter name="Email Content Type" source="constant">text</parameter>
                              <parameter name="Email Body" source="constant"/>
                           </serviceInput>
                           <serviceOutput/>
                        </service>
                        <link id="mlbt7au1" targetId="mlbt7ayf"/>
                        <events>
                           <catch faultField="temp.dummyTF5895/fault"
                                  id="mlbt7asv"
                                  interrupting="true"
                                  name="warning"/>
                        </events>
                     </eventContainer>
                     <eventContainer id="mlbt7ayf">
                        <service id="mlbt7au0">
                           <title>DT_FACT_ORDERS_LOAD</title>
                           <serviceName>ICSExecuteDataTask</serviceName>
                           <serviceGUID/>
                           <serviceInput>
                              <parameter name="Wait for Task to Complete" source="constant" updatable="true">true</parameter>
                              <parameter name="Max Wait" source="constant" updatable="true">604800</parameter>
                              <parameter name="Task Name" source="constant" updatable="true">MT_FACT_ORDERS_LOAD</parameter>
                              <parameter name="GUID" source="constant" updatable="true">0TAm6PArUg7jcbVRJVt2ml</parameter>
                              <parameter name="Task Type" source="constant" updatable="true">MCT</parameter>
                              <parameter name="Has Inout Parameters" source="constant" updatable="true">false</parameter>
                              <parameter name="taskField" source="nested">
                                 <operation source="field" to="MT-FACT-ORDERS-LOAD-0TAm6PArUg7jcbVRJVt2ml">temp.DT_FACT_ORDERS_LOAD</operation>
                              </parameter>
                           </serviceInput>
                           <serviceOutput>
                              <operation source="field" to="temp.DT_FACT_ORDERS_LOAD/output/Object_Name">Object Name</operation>
                              <operation source="field" to="temp.DT_FACT_ORDERS_LOAD/output/Run_Id">Run Id</operation>
                              <operation source="field" to="temp.DT_FACT_ORDERS_LOAD/output/Log_Id">Log Id</operation>
                              <operation source="field" to="temp.DT_FACT_ORDERS_LOAD/output/Task_Id">Task Id</operation>
                              <operation source="field" to="temp.DT_FACT_ORDERS_LOAD/output/Task_Status">Task Status</operation>
                              <operation source="field" to="temp.DT_FACT_ORDERS_LOAD/output/Success_Source_Rows">Success Source Rows</operation>
                              <operation source="field" to="temp.DT_FACT_ORDERS_LOAD/output/Failed_Source_Rows">Failed Source Rows</operation>
                              <operation source="field" to="temp.DT_FACT_ORDERS_LOAD/output/Success_Target_Rows">Success Target Rows</operation>
                              <operation source="field" to="temp.DT_FACT_ORDERS_LOAD/output/Failed_Target_Rows">Failed Target Rows</operation>
                              <operation source="field" to="temp.DT_FACT_ORDERS_LOAD/output/Start_Time">Start Time</operation>
                              <operation source="field" to="temp.DT_FACT_ORDERS_LOAD/output/End_Time">End Time</operation>
                              <operation source="field" to="temp.DT_FACT_ORDERS_LOAD/output/Error_Message">Error Message</operation>
                              <operation source="field" to="temp.DT_FACT_ORDERS_LOAD/output/TotalTransErrors">Total Transformation Errors</operation>
                              <operation source="field" to="temp.DT_FACT_ORDERS_LOAD/output/FirstErrorCode">First Error Code</operation>
                           </serviceOutput>
                        </service>
                        <link id="mlbt7aw2" targetId="mlbt7aw1"/>
                        <events>
                           <catch faultField="temp.DT_FACT_ORDERS_LOAD/fault"
                                  id="mlbt7ayd"
                                  interrupting="true"
                                  name="error">
                              <suspend/>
                           </catch>
                           <catch faultField="temp.DT_FACT_ORDERS_LOAD/fault"
                                  id="mlbt7aye"
                                  interrupting="true"
                                  name="warning"/>
                        </events>
                     </eventContainer>
                     <container id="mlbt7aw1" type="exclusive">
                        <title>DECIDE_FACT_SUCCESSFUL</title>
                        <flow id="mlbt7aw4">
                           <eventContainer id="mlbt7b1d">
                              <service id="mlbt7awk">
                                 <title>FACT_SUCCESSFUL_NOTIFICATION</title>
                                 <serviceName>emailNotificationService</serviceName>
                                 <serviceGUID/>
                                 <serviceInput>
                                    <parameter name="Email To" source="constant">ankitsarkarofficial@gmail.com</parameter>
                                    <parameter name="Email Cc" source="constant"/>
                                    <parameter name="Email Bcc" source="constant"/>
                                    <parameter name="Email Subject" source="constant">Fact Successful</parameter>
                                    <parameter name="Email Content Type" source="constant">text</parameter>
                                    <parameter name="Email Body" source="constant"/>
                                 </serviceInput>
                                 <serviceOutput/>
                              </service>
                              <events>
                                 <catch faultField="temp.dummyTF5895/fault"
                                        id="mlbt7awh"
                                        interrupting="true"
                                        name="warning"/>
                              </events>
                           </eventContainer>
                           <link id="mlbt7aw5" targetId="mlbt7aw1" type="containerLink"/>
                        </flow>
                        <flow id="mlbt7aw7">
                           <eventContainer id="mlbt7b1u">
                              <service id="mlbt7ax5">
                                 <title>FACT_FAILURE_NOTIFICATION</title>
                                 <serviceName>emailNotificationService</serviceName>
                                 <serviceGUID/>
                                 <serviceInput>
                                    <parameter name="Email To" source="constant">ankitsarkarofficial@gmail.com</parameter>
                                    <parameter name="Email Cc" source="constant"/>
                                    <parameter name="Email Bcc" source="constant"/>
                                    <parameter name="Email Subject" source="constant">Fact Failed</parameter>
                                    <parameter name="Email Content Type" source="constant">text</parameter>
                                    <parameter name="Email Body" source="constant"/>
                                 </serviceInput>
                                 <serviceOutput/>
                              </service>
                              <link id="mlbt7axp" targetId="mlbt7axo"/>
                              <events>
                                 <catch faultField="temp.dummyTF5895/fault"
                                        id="mlbt7ax2"
                                        interrupting="true"
                                        name="warning"/>
                              </events>
                           </eventContainer>
                           <end id="mlbt7axo">
                              <title>End 2</title>
                           </end>
                        </flow>
                        <link id="mlbt7aw3" targetId="mlbt7aw4" type="containerLink">
                           <condition source="formula">
                              <function name="contains">
                                 <arg name="left" source="formula">{$temp.DT_FACT_ORDERS_LOAD[1]/output[1]/Task_Status = 1}</arg>
                                 <arg name="right">true</arg>
                              </function>
                           </condition>
                        </link>
                        <link id="mlbt7aw6" targetId="mlbt7aw7" type="containerLink"/>
                     </container>
                     <link id="mlbt7ask" targetId="mlbt7asf" type="containerLink"/>
                  </flow>
                  <flow id="mlbt7asm">
                     <eventContainer id="mlbt7b0m">
                        <service id="mlbt7ati">
                           <title>FAILURE_NOTIFICATION</title>
                           <serviceName>emailNotificationService</serviceName>
                           <serviceGUID/>
                           <serviceInput>
                              <parameter name="Email To" source="constant">ankitsarkarofficial@gmail.com</parameter>
                              <parameter name="Email Cc" source="constant"/>
                              <parameter name="Email Bcc" source="constant"/>
                              <parameter name="Email Subject" source="constant">Dimensions Failed</parameter>
                              <parameter name="Email Content Type" source="constant">text</parameter>
                              <parameter name="Email Body" source="constant"/>
                           </serviceInput>
                           <serviceOutput/>
                        </service>
                        <link id="mlbt7avj" targetId="mlbt7avi"/>
                        <events>
                           <catch faultField="temp.dummyTF5895/fault"
                                  id="mlbt7atf"
                                  interrupting="true"
                                  name="warning"/>
                        </events>
                     </eventContainer>
                     <end id="mlbt7avi">
                        <title>End 1</title>
                     </end>
                  </flow>
                  <link id="mlbt7asi" targetId="mlbt7asj" type="containerLink">
                     <condition source="formula">
                        <function name="contains">
                           <arg name="left" source="formula">{$temp.DT_DIM_MENU_ITEM_SCD2[1]/output[1]/Task_Status = 1 and
$temp.DT_DIM_RESTAURANT_SCD1[1]/output[1]/Task_Status = 1 and
$temp.DT_DIM_CUSTOMERS_SCD2[1]/output[1]/Task_Status = 1}</arg>
                           <arg name="right">true</arg>
                        </function>
                     </condition>
                  </link>
                  <link id="mlbt7asl" targetId="mlbt7asm" type="containerLink"/>
                  <link id="mlbt7avq" targetId="c"/>
               </container>
               <end id="c"/>
            </flow>
            <dependencies>
               <processObject xmlns="http://schemas.active-endpoints.com/appmodules/screenflow/2011/06/avosHostEnvironment.xsd"
                              displayName="MT-DIM-MENU-ITEM-SCD2-4R8vmsCbxQWcO0ukjKaYSi"
                              isByCopy="true"
                              name="MT-DIM-MENU-ITEM-SCD2-4R8vmsCbxQWcO0ukjKaYSi">
                  <description/>
                  <tags/>
                  <detail>
                     <field label="TaskProperties Parameters"
                            name="taskProperties"
                            nullable="true"
                            required="false"
                            type="reference"/>
                     <field label="Output Parameters"
                            name="output"
                            nullable="true"
                            required="false"
                            type="reference"/>
                     <field label="Fault"
                            name="fault"
                            nullable="true"
                            required="false"
                            type="reference"/>
                     <field label="Max Wait (Seconds)"
                            name="Max_Wait"
                            nullable="true"
                            required="false"
                            type="int"/>
                  </detail>
               </processObject>
               <processObject xmlns="http://schemas.active-endpoints.com/appmodules/screenflow/2011/06/avosHostEnvironment.xsd"
                              displayName="MT-DIM-RESTAURANT-SCD1-aWreBMzfi3ahslIDOtiVme"
                              isByCopy="true"
                              name="MT-DIM-RESTAURANT-SCD1-aWreBMzfi3ahslIDOtiVme">
                  <description/>
                  <tags/>
                  <detail>
                     <field label="TaskProperties Parameters"
                            name="taskProperties"
                            nullable="true"
                            required="false"
                            type="reference"/>
                     <field label="Output Parameters"
                            name="output"
                            nullable="true"
                            required="false"
                            type="reference"/>
                     <field label="Fault"
                            name="fault"
                            nullable="true"
                            required="false"
                            type="reference"/>
                     <field label="Max Wait (Seconds)"
                            name="Max_Wait"
                            nullable="true"
                            required="false"
                            type="int"/>
                  </detail>
               </processObject>
               <processObject xmlns="http://schemas.active-endpoints.com/appmodules/screenflow/2011/06/avosHostEnvironment.xsd"
                              displayName="MT-DIM-CUSTOMERS-SCD2-hll35URUdyXgkLi0lZ7no7"
                              isByCopy="true"
                              name="MT-DIM-CUSTOMERS-SCD2-hll35URUdyXgkLi0lZ7no7">
                  <description/>
                  <tags/>
                  <detail>
                     <field label="TaskProperties Parameters"
                            name="taskProperties"
                            nullable="true"
                            required="false"
                            type="reference"/>
                     <field label="Output Parameters"
                            name="output"
                            nullable="true"
                            required="false"
                            type="reference"/>
                     <field label="Fault"
                            name="fault"
                            nullable="true"
                            required="false"
                            type="reference"/>
                     <field label="Max Wait (Seconds)"
                            name="Max_Wait"
                            nullable="true"
                            required="false"
                            type="int"/>
                  </detail>
               </processObject>
               <processObject xmlns="http://schemas.active-endpoints.com/appmodules/screenflow/2011/06/avosHostEnvironment.xsd"
                              displayName="MT-FACT-ORDERS-LOAD-0TAm6PArUg7jcbVRJVt2ml"
                              isByCopy="true"
                              name="MT-FACT-ORDERS-LOAD-0TAm6PArUg7jcbVRJVt2ml">
                  <description/>
                  <tags/>
                  <detail>
                     <field label="TaskProperties Parameters"
                            name="taskProperties"
                            nullable="true"
                            required="false"
                            type="reference"/>
                     <field label="Output Parameters"
                            name="output"
                            nullable="true"
                            required="false"
                            type="reference"/>
                     <field label="Fault"
                            name="fault"
                            nullable="true"
                            required="false"
                            type="reference"/>
                     <field label="Max Wait (Seconds)"
                            name="Max_Wait"
                            nullable="true"
                            required="false"
                            type="int"/>
                  </detail>
               </processObject>
            </dependencies>
         </taskflow>
      </types1:Entry>
      <types1:GUID>2sNNU8cGq4HeN08jCxLuCU</types1:GUID>
      <types1:DisplayName>TF_DIM_FACT</types1:DisplayName>
   </types1:Item>
   <types1:CurrentServerDateTime>2026-02-09T16:49:50.335Z</types1:CurrentServerDateTime>
</aetgt:getResponse>
