objectPath,objectName,objectType,id
/Explore/RESTAURANT_ANALYTICS,M_VALIDATE_MENU_ITEMS,DTEMPLATE,1OVgpnJIO6HjKR9PibePsb
/Explore/RESTAURANT_ANALYTICS,M_FACT_ORDERS_LOAD,DTEMPLATE,9Xphgcwp85tju4Xhx23ukK
/Explore/RESTAURANT_ANALYTICS,MT_DIM_DATE_LOAD,MTT,1jE1OvBr7rlfPxm2odi34K
/Explore/RESTAURANT_ANALYTICS,MT_FACT_ORDERS_LOAD,MTT,0TAm6PArUg7jcbVRJVt2ml
/Explore/RESTAURANT_ANALYTICS,TF_VALIDATE_ALL,TASKFLOW,au3byzY3rsthBZKVse51we
/SYS,AWS_S3_CON,Connection,0mdiNaORlvlgyBLkMMpd86
/Explore/RESTAURANT_ANALYTICS,MT_VALIDATE_RESTAURANTS,MTT,4e9cRXOEOiDllrVda8QSg8
/Explore/RESTAURANT_ANALYTICS,MT_DIM_CUSTOMERS_SCD2,MTT,hll35URUdyXgkLi0lZ7no7
/Explore/RESTAURANT_ANALYTICS,MT_VALIDATE_ORDERS,MTT,3tJWdyDhIE1eqroTIcDREc
/Explore,RESTAURANT_ANALYTICS,Project,5BpyaVINwZ0gGhfJLS5qEJ
/Explore/RESTAURANT_ANALYTICS,MT_DIM_RESTAURANT_SCD1,MTT,aWreBMzfi3ahslIDOtiVme
/SYS,DESKTOP-0FU31RQ,AgentGroup,0M2StB7cu2sbav9uYm8em5
/Explore/RESTAURANT_ANALYTICS,M_DIM_MENU_ITEM_SCD2,DTEMPLATE,2TV4pDXkkwIf1nv0OColMd
/Explore/RESTAURANT_ANALYTICS,MT_VALIDATE_MENU_ITEMS,MTT,hzX2HnWQXw1hCNjK01fHG3
/Explore/RESTAURANT_ANALYTICS,M_VALIDATE_ORDERS,DTEMPLATE,cx8gJENVkYzdl8vjbE202h
/Explore/RESTAURANT_ANALYTICS,M_DIM_RESTAURANT_SCD1,DTEMPLATE,4Km3HsSnbsMbUCXtfrM9Mi
/Explore/RESTAURANT_ANALYTICS,M_VALIDATE_CUSTOMERS,DTEMPLATE,8AuLYBzQIOJlk12ubw3pos
/Explore/RESTAURANT_ANALYTICS,M_VALIDATE_RESTAURANTS,DTEMPLATE,27eCa3He8dDf6Oc9APpkOX
/Explore/RESTAURANT_ANALYTICS,M_DIM_DATE_LOAD,DTEMPLATE,0gZiFv0iQuAeUIsmEFjqIv
/Explore/RESTAURANT_ANALYTICS,MT_VALIDATE_CUSTOMERS,MTT,4jyqTIrYjixj8kszhWCZKi
/Explore/RESTAURANT_ANALYTICS,TF_DIM_FACT,TASKFLOW,2sNNU8cGq4HeN08jCxLuCU
/Explore/RESTAURANT_ANALYTICS,MT_DIM_MENU_ITEM_SCD2,MTT,4R8vmsCbxQWcO0ukjKaYSi
/Explore/RESTAURANT_ANALYTICS,M_DIM_CUSTOMERS_SCD2,DTEMPLATE,dyqej4F60kFjZPSlTpflY6
/SYS,SNOWFLAKE_CON,Connection,0gu7EHcvP2heRTEiC9Gh45