{
  "name" : "job-1770655777489",
  "sourceOrgId" : "kNvfmzT34gJl5KKe3FuI02",
  "sourceOrgName" : "LTI Mindtree",
  "exportedObjects" : [ {
    "objectGuid" : "1OVgpnJIO6HjKR9PibePsb",
    "objectName" : "M_VALIDATE_MENU_ITEMS",
    "objectType" : "DTEMPLATE",
    "path" : "/Explore/RESTAURANT_ANALYTICS",
    "providerName" : null,
    "metadata" : {
      "modelVersion" : {
        "major" : 0,
        "minor" : 0
      },
      "repoInfo" : {
        "repoHandle" : "01DJV81700000000002B"
      },
      "objectRefs" : [ "0mdiNaORlvlgyBLkMMpd86", "0gu7EHcvP2heRTEiC9Gh45" ],
      "contextAttributes" : [ {
        "name" : "id",
        "value" : "@1"
      } ],
      "additionalInfo" : {
        "description" : "",
        "contentType" : "JSON",
        "documentState" : "VALID"
      }
    }
  }, {
    "objectGuid" : "9Xphgcwp85tju4Xhx23ukK",
    "objectName" : "M_FACT_ORDERS_LOAD",
    "objectType" : "DTEMPLATE",
    "path" : "/Explore/RESTAURANT_ANALYTICS",
    "providerName" : null,
    "metadata" : {
      "modelVersion" : {
        "major" : 0,
        "minor" : 0
      },
      "repoInfo" : {
        "repoHandle" : "01DJV81700000000002I"
      },
      "objectRefs" : [ "0gu7EHcvP2heRTEiC9Gh45" ],
      "contextAttributes" : [ {
        "name" : "id",
        "value" : "@1"
      } ],
      "additionalInfo" : {
        "description" : "",
        "contentType" : "JSON",
        "documentState" : "VALID"
      }
    }
  }, {
    "objectGuid" : "1jE1OvBr7rlfPxm2odi34K",
    "objectName" : "MT_DIM_DATE_LOAD",
    "objectType" : "MTT",
    "path" : "/Explore/RESTAURANT_ANALYTICS",
    "providerName" : null,
    "metadata" : {
      "modelVersion" : {
        "major" : 0,
        "minor" : 0
      },
      "repoInfo" : {
        "repoHandle" : "01DJV80Z00000000002J"
      },
      "objectRefs" : [ "0M2StB7cu2sbav9uYm8em5", "0gZiFv0iQuAeUIsmEFjqIv", "0gu7EHcvP2heRTEiC9Gh45" ],
      "contextAttributes" : [ {
        "name" : "id",
        "value" : "@1"
      } ],
      "additionalInfo" : {
        "description" : null,
        "contentType" : "JSON",
        "documentState" : "VALID"
      }
    }
  }, {
    "objectGuid" : "0TAm6PArUg7jcbVRJVt2ml",
    "objectName" : "MT_FACT_ORDERS_LOAD",
    "objectType" : "MTT",
    "path" : "/Explore/RESTAURANT_ANALYTICS",
    "providerName" : null,
    "metadata" : {
      "modelVersion" : {
        "major" : 0,
        "minor" : 0
      },
      "repoInfo" : {
        "repoHandle" : "01DJV80Z00000000002K"
      },
      "objectRefs" : [ "9Xphgcwp85tju4Xhx23ukK", "0M2StB7cu2sbav9uYm8em5", "0gu7EHcvP2heRTEiC9Gh45" ],
      "contextAttributes" : [ {
        "name" : "id",
        "value" : "@1"
      } ],
      "additionalInfo" : {
        "description" : null,
        "contentType" : "JSON",
        "documentState" : "VALID"
      }
    }
  }, {
    "objectGuid" : "au3byzY3rsthBZKVse51we",
    "objectName" : "TF_VALIDATE_ALL",
    "objectType" : "TASKFLOW",
    "path" : "/Explore/RESTAURANT_ANALYTICS",
    "providerName" : null,
    "metadata" : {
      "modelVersion" : {
        "major" : 1,
        "minor" : 0
      },
      "repoInfo" : {
        "repoHandle" : "BwDPWNMZQELaabc-gt-124565314-2026-02-06T15:13:05.845Z::tf.xml"
      },
      "objectRefs" : [ "4jyqTIrYjixj8kszhWCZKi", "hzX2HnWQXw1hCNjK01fHG3", "4e9cRXOEOiDllrVda8QSg8", "3tJWdyDhIE1eqroTIcDREc" ],
      "contextAttributes" : null,
      "additionalInfo" : {
        "description" : "",
        "contentType" : "application/json; charset=utf-8",
        "documentState" : "VALID"
      }
    }
  }, {
    "objectGuid" : "0mdiNaORlvlgyBLkMMpd86",
    "objectName" : "AWS_S3_CON",
    "objectType" : "Connection",
    "path" : "/SYS",
    "providerName" : null,
    "metadata" : {
      "modelVersion" : {
        "major" : 0,
        "minor" : 0
      },
      "repoInfo" : {
        "repoHandle" : "01DJV80B000000000005"
      },
      "objectRefs" : [ "0M2StB7cu2sbav9uYm8em5" ],
      "contextAttributes" : [ {
        "name" : "id",
        "value" : "@1"
      } ],
      "additionalInfo" : {
        "description" : null,
        "contentType" : "JSON",
        "documentState" : "COMPLETE"
      }
    }
  }, {
    "objectGuid" : "4e9cRXOEOiDllrVda8QSg8",
    "objectName" : "MT_VALIDATE_RESTAURANTS",
    "objectType" : "MTT",
    "path" : "/Explore/RESTAURANT_ANALYTICS",
    "providerName" : null,
    "metadata" : {
      "modelVersion" : {
        "major" : 0,
        "minor" : 0
      },
      "repoInfo" : {
        "repoHandle" : "01DJV80Z00000000002N"
      },
      "objectRefs" : [ "0M2StB7cu2sbav9uYm8em5", "0mdiNaORlvlgyBLkMMpd86", "27eCa3He8dDf6Oc9APpkOX", "0gu7EHcvP2heRTEiC9Gh45" ],
      "contextAttributes" : [ {
        "name" : "id",
        "value" : "@1"
      } ],
      "additionalInfo" : {
        "description" : null,
        "contentType" : "JSON",
        "documentState" : "VALID"
      }
    }
  }, {
    "objectGuid" : "hll35URUdyXgkLi0lZ7no7",
    "objectName" : "MT_DIM_CUSTOMERS_SCD2",
    "objectType" : "MTT",
    "path" : "/Explore/RESTAURANT_ANALYTICS",
    "providerName" : null,
    "metadata" : {
      "modelVersion" : {
        "major" : 0,
        "minor" : 0
      },
      "repoInfo" : {
        "repoHandle" : "01DJV80Z00000000002G"
      },
      "objectRefs" : [ "0M2StB7cu2sbav9uYm8em5", "dyqej4F60kFjZPSlTpflY6", "0gu7EHcvP2heRTEiC9Gh45" ],
      "contextAttributes" : [ {
        "name" : "id",
        "value" : "@1"
      } ],
      "additionalInfo" : {
        "description" : null,
        "contentType" : "JSON",
        "documentState" : "VALID"
      }
    }
  }, {
    "objectGuid" : "3tJWdyDhIE1eqroTIcDREc",
    "objectName" : "MT_VALIDATE_ORDERS",
    "objectType" : "MTT",
    "path" : "/Explore/RESTAURANT_ANALYTICS",
    "providerName" : null,
    "metadata" : {
      "modelVersion" : {
        "major" : 0,
        "minor" : 0
      },
      "repoInfo" : {
        "repoHandle" : "01DJV80Z00000000002O"
      },
      "objectRefs" : [ "0M2StB7cu2sbav9uYm8em5", "cx8gJENVkYzdl8vjbE202h", "0mdiNaORlvlgyBLkMMpd86", "0gu7EHcvP2heRTEiC9Gh45" ],
      "contextAttributes" : [ {
        "name" : "id",
        "value" : "@1"
      } ],
      "additionalInfo" : {
        "description" : null,
        "contentType" : "JSON",
        "documentState" : "VALID"
      }
    }
  }, {
    "objectGuid" : "5BpyaVINwZ0gGhfJLS5qEJ",
    "objectName" : "RESTAURANT_ANALYTICS",
    "objectType" : "Project",
    "path" : "/Explore",
    "providerName" : null,
    "metadata" : {
      "modelVersion" : {
        "major" : 0,
        "minor" : 0
      },
      "repoInfo" : null,
      "objectRefs" : [ ],
      "contextAttributes" : [ ],
      "additionalInfo" : {
        "description" : "",
        "contentType" : "Binary",
        "documentState" : "COMPLETE"
      }
    }
  }, {
    "objectGuid" : "aWreBMzfi3ahslIDOtiVme",
    "objectName" : "MT_DIM_RESTAURANT_SCD1",
    "objectType" : "MTT",
    "path" : "/Explore/RESTAURANT_ANALYTICS",
    "providerName" : null,
    "metadata" : {
      "modelVersion" : {
        "major" : 0,
        "minor" : 0
      },
      "repoInfo" : {
        "repoHandle" : "01DJV80Z00000000002I"
      },
      "objectRefs" : [ "0M2StB7cu2sbav9uYm8em5", "4Km3HsSnbsMbUCXtfrM9Mi", "0gu7EHcvP2heRTEiC9Gh45" ],
      "contextAttributes" : [ {
        "name" : "id",
        "value" : "@1"
      } ],
      "additionalInfo" : {
        "description" : null,
        "contentType" : "JSON",
        "documentState" : "VALID"
      }
    }
  }, {
    "objectGuid" : "0M2StB7cu2sbav9uYm8em5",
    "objectName" : "DESKTOP-0FU31RQ",
    "objectType" : "AgentGroup",
    "path" : "/SYS",
    "providerName" : null,
    "metadata" : {
      "modelVersion" : {
        "major" : 0,
        "minor" : 0
      },
      "repoInfo" : {
        "repoHandle" : "01DJV825000000000002"
      },
      "objectRefs" : [ ],
      "contextAttributes" : [ {
        "name" : "id",
        "value" : "@1"
      } ],
      "additionalInfo" : {
        "description" : null,
        "contentType" : "JSON",
        "documentState" : "VALID"
      }
    }
  }, {
    "objectGuid" : "2TV4pDXkkwIf1nv0OColMd",
    "objectName" : "M_DIM_MENU_ITEM_SCD2",
    "objectType" : "DTEMPLATE",
    "path" : "/Explore/RESTAURANT_ANALYTICS",
    "providerName" : null,
    "metadata" : {
      "modelVersion" : {
        "major" : 0,
        "minor" : 0
      },
      "repoInfo" : {
        "repoHandle" : "01DJV81700000000002F"
      },
      "objectRefs" : [ "0gu7EHcvP2heRTEiC9Gh45" ],
      "contextAttributes" : [ {
        "name" : "id",
        "value" : "@1"
      } ],
      "additionalInfo" : {
        "description" : "",
        "contentType" : "JSON",
        "documentState" : "VALID"
      }
    }
  }, {
    "objectGuid" : "hzX2HnWQXw1hCNjK01fHG3",
    "objectName" : "MT_VALIDATE_MENU_ITEMS",
    "objectType" : "MTT",
    "path" : "/Explore/RESTAURANT_ANALYTICS",
    "providerName" : null,
    "metadata" : {
      "modelVersion" : {
        "major" : 0,
        "minor" : 0
      },
      "repoInfo" : {
        "repoHandle" : "01DJV80Z00000000002L"
      },
      "objectRefs" : [ "1OVgpnJIO6HjKR9PibePsb", "0M2StB7cu2sbav9uYm8em5", "0mdiNaORlvlgyBLkMMpd86", "0gu7EHcvP2heRTEiC9Gh45" ],
      "contextAttributes" : [ {
        "name" : "id",
        "value" : "@1"
      } ],
      "additionalInfo" : {
        "description" : null,
        "contentType" : "JSON",
        "documentState" : "VALID"
      }
    }
  }, {
    "objectGuid" : "cx8gJENVkYzdl8vjbE202h",
    "objectName" : "M_VALIDATE_ORDERS",
    "objectType" : "DTEMPLATE",
    "path" : "/Explore/RESTAURANT_ANALYTICS",
    "providerName" : null,
    "metadata" : {
      "modelVersion" : {
        "major" : 0,
        "minor" : 0
      },
      "repoInfo" : {
        "repoHandle" : "01DJV81700000000002A"
      },
      "objectRefs" : [ "0mdiNaORlvlgyBLkMMpd86", "0gu7EHcvP2heRTEiC9Gh45" ],
      "contextAttributes" : [ {
        "name" : "id",
        "value" : "@1"
      } ],
      "additionalInfo" : {
        "description" : "",
        "contentType" : "JSON",
        "documentState" : "VALID"
      }
    }
  }, {
    "objectGuid" : "4Km3HsSnbsMbUCXtfrM9Mi",
    "objectName" : "M_DIM_RESTAURANT_SCD1",
    "objectType" : "DTEMPLATE",
    "path" : "/Explore/RESTAURANT_ANALYTICS",
    "providerName" : null,
    "metadata" : {
      "modelVersion" : {
        "major" : 0,
        "minor" : 0
      },
      "repoInfo" : {
        "repoHandle" : "01DJV81700000000002G"
      },
      "objectRefs" : [ "0gu7EHcvP2heRTEiC9Gh45" ],
      "contextAttributes" : [ {
        "name" : "id",
        "value" : "@1"
      } ],
      "additionalInfo" : {
        "description" : "",
        "contentType" : "JSON",
        "documentState" : "VALID"
      }
    }
  }, {
    "objectGuid" : "8AuLYBzQIOJlk12ubw3pos",
    "objectName" : "M_VALIDATE_CUSTOMERS",
    "objectType" : "DTEMPLATE",
    "path" : "/Explore/RESTAURANT_ANALYTICS",
    "providerName" : null,
    "metadata" : {
      "modelVersion" : {
        "major" : 0,
        "minor" : 0
      },
      "repoInfo" : {
        "repoHandle" : "01DJV817000000000029"
      },
      "objectRefs" : [ "0mdiNaORlvlgyBLkMMpd86", "0gu7EHcvP2heRTEiC9Gh45" ],
      "contextAttributes" : [ {
        "name" : "id",
        "value" : "@1"
      } ],
      "additionalInfo" : {
        "description" : "",
        "contentType" : "JSON",
        "documentState" : "VALID"
      }
    }
  }, {
    "objectGuid" : "27eCa3He8dDf6Oc9APpkOX",
    "objectName" : "M_VALIDATE_RESTAURANTS",
    "objectType" : "DTEMPLATE",
    "path" : "/Explore/RESTAURANT_ANALYTICS",
    "providerName" : null,
    "metadata" : {
      "modelVersion" : {
        "major" : 0,
        "minor" : 0
      },
      "repoInfo" : {
        "repoHandle" : "01DJV81700000000002C"
      },
      "objectRefs" : [ "0mdiNaORlvlgyBLkMMpd86", "0gu7EHcvP2heRTEiC9Gh45" ],
      "contextAttributes" : [ {
        "name" : "id",
        "value" : "@1"
      } ],
      "additionalInfo" : {
        "description" : "",
        "contentType" : "JSON",
        "documentState" : "VALID"
      }
    }
  }, {
    "objectGuid" : "0gZiFv0iQuAeUIsmEFjqIv",
    "objectName" : "M_DIM_DATE_LOAD",
    "objectType" : "DTEMPLATE",
    "path" : "/Explore/RESTAURANT_ANALYTICS",
    "providerName" : null,
    "metadata" : {
      "modelVersion" : {
        "major" : 0,
        "minor" : 0
      },
      "repoInfo" : {
        "repoHandle" : "01DJV81700000000002H"
      },
      "objectRefs" : [ "0gu7EHcvP2heRTEiC9Gh45" ],
      "contextAttributes" : [ {
        "name" : "id",
        "value" : "@1"
      } ],
      "additionalInfo" : {
        "description" : "",
        "contentType" : "JSON",
        "documentState" : "VALID"
      }
    }
  }, {
    "objectGuid" : "4jyqTIrYjixj8kszhWCZKi",
    "objectName" : "MT_VALIDATE_CUSTOMERS",
    "objectType" : "MTT",
    "path" : "/Explore/RESTAURANT_ANALYTICS",
    "providerName" : null,
    "metadata" : {
      "modelVersion" : {
        "major" : 0,
        "minor" : 0
      },
      "repoInfo" : {
        "repoHandle" : "01DJV80Z00000000002M"
      },
      "objectRefs" : [ "0M2StB7cu2sbav9uYm8em5", "0mdiNaORlvlgyBLkMMpd86", "8AuLYBzQIOJlk12ubw3pos", "0gu7EHcvP2heRTEiC9Gh45" ],
      "contextAttributes" : [ {
        "name" : "id",
        "value" : "@1"
      } ],
      "additionalInfo" : {
        "description" : null,
        "contentType" : "JSON",
        "documentState" : "VALID"
      }
    }
  }, {
    "objectGuid" : "2sNNU8cGq4HeN08jCxLuCU",
    "objectName" : "TF_DIM_FACT",
    "objectType" : "TASKFLOW",
    "path" : "/Explore/RESTAURANT_ANALYTICS",
    "providerName" : null,
    "metadata" : {
      "modelVersion" : {
        "major" : 1,
        "minor" : 0
      },
      "repoInfo" : {
        "repoHandle" : "7muOSSHCwkNmumf-gt-59418129-2026-02-07T04:51:05.944Z::tf.xml"
      },
      "objectRefs" : [ "aWreBMzfi3ahslIDOtiVme", "4R8vmsCbxQWcO0ukjKaYSi", "0TAm6PArUg7jcbVRJVt2ml", "hll35URUdyXgkLi0lZ7no7" ],
      "contextAttributes" : null,
      "additionalInfo" : {
        "description" : "",
        "contentType" : "application/json; charset=utf-8",
        "documentState" : "VALID"
      }
    }
  }, {
    "objectGuid" : "4R8vmsCbxQWcO0ukjKaYSi",
    "objectName" : "MT_DIM_MENU_ITEM_SCD2",
    "objectType" : "MTT",
    "path" : "/Explore/RESTAURANT_ANALYTICS",
    "providerName" : null,
    "metadata" : {
      "modelVersion" : {
        "major" : 0,
        "minor" : 0
      },
      "repoInfo" : {
        "repoHandle" : "01DJV80Z00000000002H"
      },
      "objectRefs" : [ "0M2StB7cu2sbav9uYm8em5", "2TV4pDXkkwIf1nv0OColMd", "0gu7EHcvP2heRTEiC9Gh45" ],
      "contextAttributes" : [ {
        "name" : "id",
        "value" : "@1"
      } ],
      "additionalInfo" : {
        "description" : null,
        "contentType" : "JSON",
        "documentState" : "VALID"
      }
    }
  }, {
    "objectGuid" : "dyqej4F60kFjZPSlTpflY6",
    "objectName" : "M_DIM_CUSTOMERS_SCD2",
    "objectType" : "DTEMPLATE",
    "path" : "/Explore/RESTAURANT_ANALYTICS",
    "providerName" : null,
    "metadata" : {
      "modelVersion" : {
        "major" : 0,
        "minor" : 0
      },
      "repoInfo" : {
        "repoHandle" : "01DJV81700000000002D"
      },
      "objectRefs" : [ "0gu7EHcvP2heRTEiC9Gh45" ],
      "contextAttributes" : [ {
        "name" : "id",
        "value" : "@1"
      } ],
      "additionalInfo" : {
        "description" : "",
        "contentType" : "JSON",
        "documentState" : "VALID"
      }
    }
  }, {
    "objectGuid" : "0gu7EHcvP2heRTEiC9Gh45",
    "objectName" : "SNOWFLAKE_CON",
    "objectType" : "Connection",
    "path" : "/SYS",
    "providerName" : null,
    "metadata" : {
      "modelVersion" : {
        "major" : 0,
        "minor" : 0
      },
      "repoInfo" : {
        "repoHandle" : "01DJV80B000000000006"
      },
      "objectRefs" : [ "0M2StB7cu2sbav9uYm8em5" ],
      "contextAttributes" : [ {
        "name" : "id",
        "value" : "@1"
      } ],
      "additionalInfo" : {
        "description" : null,
        "contentType" : "JSON",
        "documentState" : "COMPLETE"
      }
    }
  } ]
}